member_id,engagement_health_score,percentile_rank
M000001,66.7,96
M000002,61.7,95
M000003,42.5,71
M000004,48.3,84
M000005,11.7,1
M000006,40.0,64
M000007,26.7,22
M000008,45.8,79
M000009,55.8,91
M000010,55.8,91
M000011,35.8,51
M000012,28.3,25
M000013,49.2,85
M000014,56.7,92
M000015,15.0,2
M000016,27.5,24
M000017,52.5,89
M000018,29.2,28
M000019,43.3,73
M000020,56.7,92
M000021,30.8,35
M000022,30.0,32
M000023,21.7,8
M000024,34.2,47
M000025,64.6,96
M000026,33.3,43
M000027,40.8,66
M000028,55.8,91
M000029,30.8,35
M000030,33.3,43
M000031,34.2,47
M000032,47.5,82
M000033,27.5,24
M000034,34.2,47
M000035,26.7,22
M000036,18.3,4
M000037,55.0,91
M000038,29.2,28
M000039,48.3,84
M000040,26.2,20
M000041,26.7,22
M000042,26.7,22
M000043,50.8,87
M000044,60.0,94
M000045,38.3,60
M000046,25.8,18
M000047,25.0,15
M000048,50.0,86
M000049,28.2,24
M000050,33.3,43
M000051,28.3,25
M000052,35.0,49
M000053,19.0,6
M000054,21.7,8
M000055,37.4,56
M000056,34.2,47
M000057,36.7,54
M000058,55.8,91
M000059,31.7,37
M000060,33.3,43
M000061,41.7,69
M000062,40.8,66
M000063,36.7,54
M000064,35.8,51
M000065,37.5,57
M000066,45.0,77
M000067,49.2,85
M000068,63.3,96
M000069,30.0,32
M000070,45.8,79
M000071,30.8,35
M000072,23.3,13
M000073,30.8,35
M000074,27.5,24
M000075,32.5,39
M000076,30.0,32
M000077,32.5,39
M000078,39.2,62
M000079,37.5,57
M000080,45.0,77
M000081,28.3,25
M000082,34.2,47
M000083,34.2,47
M000084,61.7,95
M000085,30.0,32
M000086,15.6,3
M000087,55.8,91
M000088,33.3,43
M000089,26.7,22
M000090,38.3,60
M000091,41.7,69
M000092,34.2,47
M000093,52.5,89
M000094,27.9,24
M000095,35.8,51
M000096,22.5,11
M000097,22.5,11
M000098,33.3,43
M000099,12.3,1
M000100,33.3,43
M000101,32.5,39
M000102,42.5,71
M000103,28.3,25
M000104,22.5,11
M000105,38.3,60
M000106,46.7,80
M000107,25.8,18
M000108,40.0,64
M000109,33.3,43
M000110,45.8,79
M000111,47.5,82
M000112,32.5,39
M000113,11.4,1
M000114,30.0,32
M000115,21.7,8
M000116,26.7,22
M000117,29.2,28
M000118,22.5,11
M000119,35.8,51
M000120,44.2,75
M000121,24.6,14
M000122,45.0,77
M000123,50.8,87
M000124,37.5,57
M000125,25.0,15
M000126,32.5,39
M000127,47.5,82
M000128,45.0,77
M000129,30.0,32
M000130,45.0,77
M000131,26.7,22
M000132,43.3,73
M000133,53.3,90
M000134,40.8,66
M000135,52.5,89
M000136,36.7,54
M000137,47.5,82
M000138,21.7,8
M000139,74.2,98
M000140,28.5,26
M000141,29.2,28
M000142,41.7,69
M000143,17.1,3
M000144,30.0,32
M000145,29.2,28
M000146,26.7,22
M000147,25.8,18
M000148,40.0,64
M000149,58.3,93
M000150,49.2,85
M000151,37.5,57
M000152,45.0,77
M000153,41.7,69
M000154,15.0,2
M000155,25.8,18
M000156,29.2,28
M000157,30.8,35
M000158,25.8,18
M000159,29.2,28
M000160,19.2,6
M000161,26.7,22
M000162,18.3,4
M000163,38.3,60
M000164,47.5,82
M000165,17.9,3
M000166,26.7,22
M000167,22.5,11
M000168,40.0,64
M000169,43.3,73
M000170,30.0,32
M000171,55.8,91
M000172,40.8,66
M000173,58.3,93
M000174,7.4,1
M000175,34.2,47
M000176,33.3,43
M000177,25.8,18
M000178,12.6,1
M000179,36.7,54
M000180,45.8,79
M000181,45.0,77
M000182,22.5,11
M000183,43.3,73
M000184,51.7,88
M000185,28.3,25
M000186,22.5,11
M000187,32.5,39
M000188,30.0,32
M000189,25.8,18
M000190,33.3,43
M000191,30.0,32
M000192,18.6,5
M000193,77.5,98
M000194,33.3,43
M000195,19.2,6
M000196,22.5,11
M000197,40.8,66
M000198,30.8,35
M000199,18.3,4
M000200,21.7,8
M000201,52.5,89
M000202,33.3,43
M000203,20.2,7
M000204,60.0,94
M000205,41.7,69
M000206,26.7,22
M000207,53.3,90
M000208,15.0,2
M000209,52.5,89
M000210,35.0,49
M000211,39.2,62
M000212,53.3,90
M000213,44.2,75
M000214,33.3,43
M000215,30.8,35
M000216,30.8,35
M000217,39.2,62
M000218,27.5,24
M000219,35.8,51
M000220,34.2,47
M000221,43.3,73
M000222,45.0,77
M000223,30.0,32
M000224,38.3,60
M000225,32.5,39
M000226,56.7,92
M000227,32.5,39
M000228,35.0,49
M000229,25.8,18
M000230,34.2,47
M000231,22.5,11
M000232,60.0,94
M000233,20.8,7
M000234,33.3,43
M000235,44.2,75
M000236,60.0,94
M000237,43.3,73
M000238,25.0,15
M000239,7.2,1
M000240,46.7,80
M000241,39.2,62
M000242,45.8,79
M000243,35.0,49
M000244,25.0,15
M000245,47.5,82
M000246,40.8,66
M000247,45.0,77
M000248,45.0,77
M000249,81.7,99
M000250,45.6,78
M000251,19.2,6
M000252,53.3,90
M000253,41.7,69
M000254,23.3,13
M000255,29.2,28
M000256,25.0,15
M000257,30.0,32
M000258,33.3,43
M000259,45.0,77
M000260,32.5,39
M000261,40.8,66
M000262,30.0,32
M000263,40.0,64
M000264,44.2,75
M000265,25.0,15
M000266,22.5,11
M000267,22.5,11
M000268,22.5,11
M000269,73.3,98
M000270,22.5,11
M000271,25.0,15
M000272,37.5,57
M000273,30.0,32
M000274,36.7,54
M000275,34.2,47
M000276,38.3,60
M000277,34.2,47
M000278,20.0,7
M000279,25.0,15
M000280,37.5,57
M000281,25.8,18
M000282,25.8,18
M000283,100.0,100
M000284,33.3,43
M000285,38.3,60
M000286,43.3,73
M000287,23.1,13
M000288,40.8,66
M000289,25.8,18
M000290,31.6,37
M000291,51.7,88
M000292,30.0,32
M000293,35.8,51
M000294,31.7,37
M000295,45.8,79
M000296,56.7,92
M000297,42.5,71
M000298,34.2,47
M000299,37.5,57
M000300,29.2,28
M000301,25.8,18
M000302,36.7,54
M000303,41.7,69
M000304,44.2,75
M000305,44.2,75
M000306,37.5,57
M000307,22.5,11
M000308,25.8,18
M000309,34.2,47
M000310,40.0,64
M000311,56.7,92
M000312,47.5,82
M000313,37.5,57
M000314,43.3,73
M000315,18.3,4
M000316,31.7,37
M000317,41.7,69
M000318,57.5,93
M000319,36.7,54
M000320,15.6,3
M000321,45.0,77
M000322,32.3,38
M000323,40.0,64
M000324,23.3,13
M000325,54.9,90
M000326,30.0,32
M000327,32.5,39
M000328,48.3,84
M000329,25.8,18
M000330,47.5,82
M000331,22.5,11
M000332,85.8,99
M000333,36.7,54
M000334,49.2,85
M000335,26.7,22
M000336,85.8,99
M000337,29.2,28
M000338,48.3,84
M000339,44.2,75
M000340,25.8,18
M000341,37.5,57
M000342,51.7,88
M000343,34.2,47
M000344,25.8,18
M000345,50.0,86
M000346,35.8,51
M000347,45.0,77
M000348,29.2,28
M000349,49.2,85
M000350,33.3,43
M000351,33.3,43
M000352,25.8,18
M000353,88.3,99
M000354,47.5,82
M000355,35.0,49
M000356,53.3,90
M000357,41.7,69
M000358,36.7,54
M000359,29.2,28
M000360,70.8,97
M000361,25.8,18
M000362,18.3,4
M000363,29.2,28
M000364,10.3,1
M000365,40.8,66
M000366,33.3,43
M000367,30.0,32
M000368,58.3,93
M000369,30.0,32
M000370,47.5,82
M000371,30.8,35
M000372,44.2,75
M000373,55.8,91
M000374,60.0,94
M000375,40.8,66
M000376,25.8,18
M000377,30.0,32
M000378,35.8,51
M000379,53.3,90
M000380,35.8,51
M000381,43.4,74
M000382,39.2,62
M000383,56.7,92
M000384,11.3,1
M000385,60.0,94
M000386,48.3,84
M000387,26.7,22
M000388,53.3,90
M000389,39.2,62
M000390,19.2,6
M000391,45.8,79
M000392,30.0,32
M000393,44.2,75
M000394,34.2,47
M000395,49.2,85
M000396,8.5,1
M000397,39.2,62
M000398,46.7,80
M000399,7.2,1
M000400,60.0,94
M000401,17.0,3
M000402,44.2,75
M000403,21.7,8
M000404,30.0,32
M000405,37.5,57
M000406,43.3,73
M000407,30.0,32
M000408,55.8,91
M000409,60.0,94
M000410,40.8,66
M000411,36.7,54
M000412,31.7,37
M000413,29.4,29
M000414,13.8,2
M000415,33.3,43
M000416,30.0,32
M000417,47.5,82
M000418,29.2,28
M000419,26.7,22
M000420,31.7,37
M000421,56.7,92
M000422,27.3,23
M000423,33.3,43
M000424,21.7,8
M000425,41.8,70
M000426,40.0,64
M000427,33.3,43
M000428,29.2,28
M000429,45.0,77
M000430,16.4,3
M000431,52.5,89
M000432,44.2,75
M000433,27.5,24
M000434,43.3,73
M000435,43.3,73
M000436,21.7,8
M000437,41.7,69
M000438,25.8,18
M000439,30.0,32
M000440,32.5,39
M000441,40.0,64
M000442,22.5,11
M000443,41.7,69
M000444,43.3,73
M000445,32.5,39
M000446,32.5,39
M000447,31.8,38
M000448,56.7,92
M000449,36.7,54
M000450,37.5,57
M000451,41.7,69
M000452,38.3,60
M000453,21.7,8
M000454,36.7,54
M000455,32.5,39
M000456,50.8,87
M000457,69.2,97
M000458,32.5,39
M000459,19.7,7
M000460,45.8,79
M000461,30.8,35
M000462,32.5,39
M000463,40.8,66
M000464,32.5,39
M000465,19.2,6
M000466,36.7,54
M000467,55.8,91
M000468,21.7,8
M000469,48.3,84
M000470,52.5,89
M000471,34.2,47
M000472,65.8,96
M000473,47.5,82
M000474,44.2,75
M000475,18.3,4
M000476,21.7,8
M000477,35.0,49
M000478,43.3,73
M000479,33.3,43
M000480,36.7,54
M000481,18.3,4
M000482,25.8,18
M000483,29.6,29
M000484,22.0,9
M000485,39.2,62
M000486,25.8,18
M000487,10.4,1
M000488,26.7,22
M000489,21.7,8
M000490,34.2,47
M000491,22.5,11
M000492,22.5,11
M000493,70.0,97
M000494,47.5,82
M000495,45.0,77
M000496,75.8,98
M000497,76.7,98
M000498,39.2,62
M000499,40.8,66
M000500,30.0,32
M000501,33.3,43
M000502,25.8,18
M000503,45.0,77
M000504,25.0,15
M000505,23.3,13
M000506,37.5,57
M000507,22.5,11
M000508,15.0,2
M000509,21.7,8
M000510,44.2,75
M000511,30.8,35
M000512,34.2,47
M000513,38.3,60
M000514,53.3,90
M000515,48.3,84
M000516,33.3,43
M000517,25.0,15
M000518,31.9,38
M000519,60.0,94
M000520,33.3,43
M000521,15.0,2
M000522,35.8,51
M000523,50.0,86
M000524,48.3,84
M000525,36.7,54
M000526,26.7,22
M000527,48.3,84
M000528,30.8,35
M000529,32.5,39
M000530,39.2,62
M000531,45.0,77
M000532,38.3,60
M000533,25.8,18
M000534,44.2,75
M000535,48.3,84
M000536,25.8,18
M000537,42.5,71
M000538,39.2,62
M000539,29.2,28
M000540,45.0,77
M000541,25.8,18
M000542,60.0,94
M000543,57.5,93
M000544,83.3,99
M000545,43.3,73
M000546,50.1,87
M000547,22.5,11
M000548,33.3,43
M000549,61.7,95
M000550,13.4,2
M000551,36.7,54
M000552,30.8,35
M000553,37.5,57
M000554,40.0,64
M000555,41.7,69
M000556,30.8,35
M000557,23.3,13
M000558,19.2,6
M000559,34.2,47
M000560,71.7,97
M000561,25.0,15
M000562,26.7,22
M000563,33.3,43
M000564,34.2,47
M000565,46.7,80
M000566,53.3,90
M000567,47.5,82
M000568,47.5,82
M000569,34.2,47
M000570,43.3,73
M000571,45.8,79
M000572,35.8,51
M000573,93.3,100
M000574,32.5,39
M000575,35.8,51
M000576,25.0,15
M000577,45.8,79
M000578,21.7,8
M000579,45.8,79
M000580,34.2,47
M000581,36.7,54
M000582,15.0,2
M000583,36.7,54
M000584,73.3,98
M000585,50.0,86
M000586,30.0,32
M000587,53.3,90
M000588,50.0,86
M000589,34.4,48
M000590,61.7,95
M000591,34.2,47
M000592,29.2,28
M000593,35.8,51
M000594,30.8,35
M000595,47.5,82
M000596,25.8,18
M000597,40.0,64
M000598,26.7,22
M000599,28.3,25
M000600,25.8,18
M000601,41.7,69
M000602,29.4,29
M000603,30.8,35
M000604,34.2,47
M000605,32.5,39
M000606,46.7,80
M000607,45.8,79
M000608,35.0,49
M000609,46.7,80
M000610,26.7,22
M000611,30.8,35
M000612,39.2,62
M000613,33.3,43
M000614,20.0,7
M000615,55.8,91
M000616,29.2,28
M000617,32.5,39
M000618,26.7,22
M000619,29.2,28
M000620,35.0,49
M000621,12.5,1
M000622,39.2,62
M000623,32.5,39
M000624,33.3,43
M000625,33.3,43
M000626,37.5,57
M000627,43.3,73
M000628,39.2,62
M000629,40.8,66
M000630,42.5,71
M000631,47.5,82
M000632,30.0,32
M000633,38.3,60
M000634,30.8,35
M000635,30.8,35
M000636,29.2,28
M000637,17.8,3
M000638,30.0,32
M000639,21.7,8
M000640,29.2,28
M000641,21.7,8
M000642,39.2,62
M000643,39.2,62
M000644,22.5,11
M000645,46.7,80
M000646,28.3,25
M000647,22.5,11
M000648,37.5,57
M000649,48.3,84
M000650,32.5,39
M000651,31.7,37
M000652,19.2,6
M000653,26.7,22
M000654,30.0,32
M000655,80.8,99
M000656,23.3,13
M000657,30.0,32
M000658,43.3,73
M000659,46.7,80
M000660,29.2,28
M000661,46.7,80
M000662,7.2,1
M000663,39.2,62
M000664,22.5,11
M000665,35.8,51
M000666,45.8,79
M000667,49.2,85
M000668,45.0,77
M000669,35.8,51
M000670,49.2,85
M000671,40.8,66
M000672,51.7,88
M000673,40.0,64
M000674,28.3,25
M000675,26.7,22
M000676,41.7,69
M000677,40.8,66
M000678,30.0,32
M000679,49.2,85
M000680,25.8,18
M000681,55.8,91
M000682,19.2,6
M000683,39.9,63
M000684,30.0,32
M000685,25.0,15
M000686,29.2,28
M000687,38.3,60
M000688,57.5,93
M000689,11.2,1
M000690,65.8,96
M000691,52.5,89
M000692,30.0,32
M000693,28.0,24
M000694,36.7,54
M000695,37.5,57
M000696,55.8,91
M000697,25.0,15
M000698,51.7,88
M000699,26.7,22
M000700,43.3,73
M000701,39.2,62
M000702,34.2,47
M000703,10.5,1
M000704,40.8,66
M000705,50.0,86
M000706,25.8,18
M000707,39.2,62
M000708,35.8,51
M000709,30.0,32
M000710,60.0,94
M000711,60.0,94
M000712,47.5,82
M000713,37.5,57
M000714,36.7,54
M000715,45.0,77
M000716,35.8,51
M000717,45.8,79
M000718,55.8,91
M000719,36.7,54
M000720,30.8,35
M000721,22.5,11
M000722,38.3,60
M000723,43.3,73
M000724,52.5,89
M000725,46.7,80
M000726,40.8,66
M000727,30.0,32
M000728,39.2,62
M000729,35.0,49
M000730,23.3,13
M000731,25.8,18
M000732,33.3,43
M000733,34.2,47
M000734,41.7,69
M000735,27.7,24
M000736,48.3,84
M000737,30.0,32
M000738,30.0,32
M000739,25.8,18
M000740,36.7,54
M000741,7.8,1
M000742,62.5,95
M000743,45.8,79
M000744,30.0,32
M000745,30.0,32
M000746,93.3,100
M000747,58.3,93
M000748,59.2,94
M000749,49.2,85
M000750,40.0,64
M000751,58.3,93
M000752,42.5,71
M000753,32.5,39
M000754,52.5,89
M000755,22.5,11
M000756,26.7,22
M000757,36.7,54
M000758,48.3,84
M000759,37.5,57
M000760,28.8,26
M000761,18.0,3
M000762,31.7,37
M000763,34.2,47
M000764,29.2,28
M000765,32.5,39
M000766,34.2,47
M000767,34.2,47
M000768,34.2,47
M000769,23.3,13
M000770,48.3,84
M000771,29.2,28
M000772,79.2,99
M000773,30.8,35
M000774,51.7,88
M000775,40.0,64
M000776,19.2,6
M000777,50.0,86
M000778,51.7,88
M000779,35.0,49
M000780,41.7,69
M000781,25.0,15
M000782,45.8,79
M000783,40.8,66
M000784,17.6,3
M000785,60.0,94
M000786,29.2,28
M000787,40.8,66
M000788,60.0,94
M000789,36.7,54
M000790,21.7,8
M000791,14.7,2
M000792,55.8,91
M000793,51.7,88
M000794,55.8,91
M000795,42.5,71
M000796,30.0,32
M000797,25.8,18
M000798,35.0,49
M000799,31.7,37
M000800,28.3,25
M000801,51.7,88
M000802,21.7,8
M000803,25.0,15
M000804,65.0,96
M000805,21.7,8
M000806,37.5,57
M000807,32.5,39
M000808,36.9,56
M000809,35.0,49
M000810,37.5,57
M000811,18.3,4
M000812,30.8,35
M000813,33.3,43
M000814,22.5,11
M000815,48.3,84
M000816,30.8,35
M000817,47.5,82
M000818,41.7,69
M000819,15.0,2
M000820,30.0,32
M000821,78.3,98
M000822,66.7,96
M000823,51.7,88
M000824,36.7,54
M000825,18.3,4
M000826,15.9,3
M000827,55.8,91
M000828,28.3,25
M000829,43.3,73
M000830,26.7,22
M000831,28.3,25
M000832,41.7,69
M000833,33.7,45
M000834,37.5,57
M000835,21.7,8
M000836,10.5,1
M000837,95.8,100
M000838,35.0,49
M000839,77.5,98
M000840,32.5,39
M000841,29.2,28
M000842,33.3,43
M000843,23.3,13
M000844,35.8,51
M000845,39.1,61
M000846,34.2,47
M000847,40.8,66
M000848,25.8,18
M000849,29.2,28
M000850,25.8,18
M000851,25.0,15
M000852,30.0,32
M000853,40.8,66
M000854,44.2,75
M000855,35.0,49
M000856,29.2,28
M000857,15.2,3
M000858,43.3,73
M000859,43.3,73
M000860,19.2,6
M000861,36.7,54
M000862,26.7,22
M000863,72.5,97
M000864,42.5,71
M000865,47.5,82
M000866,37.5,57
M000867,29.2,28
M000868,21.7,8
M000869,34.2,47
M000870,39.2,62
M000871,53.3,90
M000872,79.2,99
M000873,39.2,62
M000874,40.8,66
M000875,36.7,54
M000876,32.5,39
M000877,55.8,91
M000878,41.7,69
M000879,26.7,22
M000880,30.6,34
M000881,30.8,35
M000882,36.7,54
M000883,23.3,13
M000884,55.8,91
M000885,21.7,8
M000886,40.0,64
M000887,21.7,8
M000888,35.8,51
M000889,21.7,8
M000890,49.2,85
M000891,51.7,88
M000892,16.1,3
M000893,59.2,94
M000894,30.8,35
M000895,25.8,18
M000896,86.7,99
M000897,30.0,32
M000898,36.7,54
M000899,37.5,57
M000900,40.0,64
M000901,45.8,79
M000902,39.2,62
M000903,28.3,25
M000904,27.5,24
M000905,45.8,79
M000906,21.7,8
M000907,27.5,24
M000908,19.0,6
M000909,34.2,47
M000910,41.7,69
M000911,18.3,4
M000912,33.3,43
M000913,27.5,24
M000914,37.5,57
M000915,18.3,4
M000916,38.3,60
M000917,38.3,60
M000918,35.8,51
M000919,41.7,69
M000920,25.8,18
M000921,32.5,39
M000922,37.5,57
M000923,21.7,8
M000924,41.7,69
M000925,34.2,47
M000926,36.7,54
M000927,48.3,84
M000928,44.2,75
M000929,40.8,66
M000930,25.0,15
M000931,40.0,64
M000932,40.8,66
M000933,40.0,64
M000934,39.2,62
M000935,50.0,86
M000936,39.2,62
M000937,25.8,18
M000938,40.0,64
M000939,33.3,43
M000940,48.3,84
M000941,28.3,25
M000942,25.0,15
M000943,92.5,100
M000944,63.3,96
M000945,58.3,93
M000946,30.0,32
M000947,27.3,23
M000948,27.5,24
M000949,40.0,64
M000950,39.2,62
M000951,47.5,82
M000952,15.1,3
M000953,43.3,73
M000954,45.0,77
M000955,13.8,2
M000956,32.5,39
M000957,18.0,3
M000958,22.5,11
M000959,37.5,57
M000960,40.8,66
M000961,32.5,39
M000962,43.3,73
M000963,36.7,54
M000964,37.5,57
M000965,47.5,82
M000966,47.5,82
M000967,40.0,64
M000968,39.2,62
M000969,28.3,25
M000970,43.3,73
M000971,32.5,39
M000972,31.7,37
M000973,30.0,32
M000974,29.2,28
M000975,55.8,91
M000976,37.5,57
M000977,28.3,25
M000978,22.5,11
M000979,40.8,66
M000980,38.3,60
M000981,40.8,66
M000982,36.7,54
M000983,19.2,6
M000984,81.7,99
M000985,30.8,35
M000986,47.5,82
M000987,29.2,28
M000988,56.7,92
M000989,37.5,57
M000990,7.2,1
M000991,29.2,28
M000992,25.8,18
M000993,40.8,66
M000994,43.3,73
M000995,21.4,7
M000996,25.8,18
M000997,37.5,57
M000998,25.8,18
M000999,32.5,39
M001000,51.7,88
M001001,42.5,71
M001002,50.0,86
M001003,40.8,66
M001004,25.0,15
M001005,22.5,11
M001006,18.3,4
M001007,25.0,15
M001008,39.2,62
M001009,47.5,82
M001010,54.2,90
M001011,39.2,62
M001012,40.0,64
M001013,45.8,79
M001014,22.5,11
M001015,56.7,92
M001016,31.7,37
M001017,42.5,71
M001018,22.5,11
M001019,23.3,13
M001020,41.7,69
M001021,40.0,64
M001022,46.7,80
M001023,21.7,8
M001024,45.8,79
M001025,15.0,2
M001026,75.0,98
M001027,34.2,47
M001028,34.2,47
M001029,37.5,57
M001030,40.8,66
M001031,45.8,79
M001032,55.8,91
M001033,60.0,94
M001034,30.0,32
M001035,50.8,87
M001036,59.2,94
M001037,21.7,8
M001038,48.3,84
M001039,45.0,77
M001040,42.5,71
M001041,63.3,96
M001042,25.5,16
M001043,30.0,32
M001044,29.2,28
M001045,34.2,47
M001046,35.8,51
M001047,44.2,75
M001048,48.3,84
M001049,26.7,22
M001050,43.3,73
M001051,29.2,28
M001052,45.0,77
M001053,43.3,73
M001054,45.0,77
M001055,33.3,43
M001056,46.7,80
M001057,43.3,73
M001058,26.5,20
M001059,40.8,66
M001060,13.6,2
M001061,22.5,11
M001062,25.8,18
M001063,37.5,57
M001064,37.5,57
M001065,8.6,1
M001066,22.5,11
M001067,25.8,18
M001068,47.5,82
M001069,35.0,49
M001070,30.0,32
M001071,47.5,82
M001072,25.0,15
M001073,34.2,47
M001074,56.7,92
M001075,30.8,35
M001076,31.7,37
M001077,41.7,69
M001078,31.7,37
M001079,42.5,71
M001080,33.3,43
M001081,35.8,51
M001082,60.0,94
M001083,18.8,5
M001084,21.7,8
M001085,35.8,51
M001086,37.5,57
M001087,25.8,18
M001088,67.5,97
M001089,35.8,51
M001090,21.7,8
M001091,30.8,35
M001092,40.8,66
M001093,53.3,90
M001094,28.3,25
M001095,19.2,6
M001096,32.8,41
M001097,26.7,22
M001098,29.2,28
M001099,34.2,47
M001100,40.8,66
M001101,43.3,73
M001102,42.5,71
M001103,23.3,13
M001104,37.5,57
M001105,45.0,77
M001106,39.2,62
M001107,40.8,66
M001108,19.2,6
M001109,36.7,54
M001110,73.3,98
M001111,40.0,64
M001112,25.0,15
M001113,36.7,54
M001114,38.3,60
M001115,46.7,80
M001116,23.3,13
M001117,55.0,91
M001118,49.2,85
M001119,36.7,54
M001120,49.2,85
M001121,48.3,84
M001122,36.7,54
M001123,25.8,18
M001124,40.0,64
M001125,35.0,49
M001126,30.0,32
M001127,34.0,45
M001128,35.8,51
M001129,45.0,77
M001130,45.0,77
M001131,45.8,79
M001132,36.7,54
M001133,30.0,32
M001134,37.5,57
M001135,25.0,15
M001136,34.2,47
M001137,30.0,32
M001138,33.3,43
M001139,35.0,49
M001140,30.0,32
M001141,38.3,60
M001142,25.0,15
M001143,30.0,32
M001144,25.8,18
M001145,33.3,43
M001146,29.2,28
M001147,33.3,43
M001148,18.3,4
M001149,22.5,11
M001150,39.2,62
M001151,40.0,64
M001152,40.8,66
M001153,56.7,92
M001154,39.2,62
M001155,32.5,39
M001156,25.8,18
M001157,35.0,49
M001158,49.2,85
M001159,32.5,39
M001160,30.1,34
M001161,45.0,77
M001162,29.2,28
M001163,26.7,22
M001164,43.3,73
M001165,30.0,32
M001166,18.3,4
M001167,46.7,80
M001168,48.3,84
M001169,40.8,66
M001170,50.0,86
M001171,40.8,66
M001172,43.3,73
M001173,82.5,99
M001174,70.0,97
M001175,52.5,89
M001176,35.8,51
M001177,40.8,66
M001178,45.0,77
M001179,45.8,79
M001180,49.2,85
M001181,75.0,98
M001182,81.7,99
M001183,40.8,66
M001184,23.3,13
M001185,45.0,77
M001186,35.0,49
M001187,38.3,60
M001188,40.0,64
M001189,27.5,24
M001190,35.0,49
M001191,33.3,43
M001192,46.7,80
M001193,33.3,43
M001194,29.2,28
M001195,42.5,71
M001196,46.7,80
M001197,51.7,88
M001198,34.2,47
M001199,51.7,88
M001200,46.6,80
M001201,29.2,28
M001202,10.5,1
M001203,29.2,28
M001204,13.4,2
M001205,45.8,79
M001206,80.0,99
M001207,47.5,82
M001208,66.7,96
M001209,25.8,18
M001210,30.0,32
M001211,30.8,35
M001212,29.2,28
M001213,29.2,28
M001214,33.3,43
M001215,30.8,35
M001216,25.8,18
M001217,21.7,8
M001218,25.8,18
M001219,29.2,28
M001220,18.3,4
M001221,25.8,18
M001222,50.8,87
M001223,23.3,13
M001224,17.9,3
M001225,47.5,82
M001226,39.2,62
M001227,83.3,99
M001228,44.2,75
M001229,36.7,54
M001230,25.8,18
M001231,25.8,18
M001232,42.5,71
M001233,48.3,84
M001234,16.0,3
M001235,70.8,97
M001236,56.7,92
M001237,26.7,22
M001238,53.3,90
M001239,25.0,15
M001240,5.9,0
M001241,23.1,13
M001242,21.7,8
M001243,29.2,28
M001244,35.8,51
M001245,52.5,89
M001246,41.7,69
M001247,36.7,54
M001248,23.3,13
M001249,44.2,75
M001250,76.7,98
M001251,28.3,25
M001252,22.5,11
M001253,26.7,22
M001254,35.0,49
M001255,43.3,73
M001256,3.0,0
M001257,47.5,82
M001258,33.3,43
M001259,29.2,28
M001260,41.7,69
M001261,58.3,93
M001262,29.2,28
M001263,21.5,7
M001264,30.0,32
M001265,39.2,62
M001266,14.5,2
M001267,26.7,22
M001268,68.3,97
M001269,50.0,86
M001270,37.5,57
M001271,50.0,86
M001272,32.5,39
M001273,33.3,43
M001274,40.8,66
M001275,40.8,66
M001276,34.2,47
M001277,80.8,99
M001278,47.5,82
M001279,32.5,39
M001280,60.0,94
M001281,30.0,32
M001282,46.7,80
M001283,55.8,91
M001284,34.6,48
M001285,56.7,92
M001286,60.0,94
M001287,36.7,54
M001288,25.0,15
M001289,48.3,84
M001290,18.3,4
M001291,45.8,79
M001292,18.3,4
M001293,32.5,39
M001294,15.0,2
M001295,36.7,54
M001296,33.3,43
M001297,22.5,11
M001298,36.7,54
M001299,67.5,97
M001300,30.0,32
M001301,41.7,69
M001302,40.0,64
M001303,82.5,99
M001304,26.8,23
M001305,40.0,64
M001306,44.2,75
M001307,30.8,35
M001308,21.7,8
M001309,28.3,25
M001310,22.5,11
M001311,73.3,98
M001312,70.0,97
M001313,44.2,75
M001314,85.8,99
M001315,48.3,84
M001316,51.7,88
M001317,9.7,1
M001318,40.0,64
M001319,24.2,14
M001320,47.5,82
M001321,45.8,79
M001322,33.3,43
M001323,25.8,18
M001324,26.7,22
M001325,36.7,54
M001326,51.7,88
M001327,29.2,28
M001328,37.5,57
M001329,37.5,57
M001330,17.4,3
M001331,67.5,97
M001332,44.2,75
M001333,48.3,84
M001334,36.7,54
M001335,30.8,35
M001336,66.7,96
M001337,37.5,57
M001338,88.3,99
M001339,27.5,24
M001340,52.5,89
M001341,53.3,90
M001342,9.8,1
M001343,40.0,64
M001344,39.2,62
M001345,30.0,32
M001346,30.0,32
M001347,56.7,92
M001348,22.9,13
M001349,24.8,14
M001350,37.5,57
M001351,21.7,8
M001352,33.3,43
M001353,29.2,28
M001354,44.2,75
M001355,30.8,35
M001356,92.5,100
M001357,41.7,69
M001358,51.7,88
M001359,25.0,15
M001360,22.5,11
M001361,33.3,43
M001362,51.7,88
M001363,18.3,4
M001364,58.3,93
M001365,38.3,60
M001366,55.8,91
M001367,40.0,64
M001368,19.2,6
M001369,35.0,49
M001370,18.5,5
M001371,27.5,24
M001372,31.7,37
M001373,44.2,75
M001374,15.7,3
M001375,25.8,18
M001376,22.5,11
M001377,40.8,66
M001378,26.7,22
M001379,52.5,89
M001380,36.7,54
M001381,36.7,54
M001382,43.3,73
M001383,45.0,77
M001384,60.0,94
M001385,30.8,35
M001386,36.7,54
M001387,28.3,25
M001388,21.7,8
M001389,38.3,60
M001390,26.7,22
M001391,29.2,28
M001392,30.8,35
M001393,32.5,39
M001394,49.2,85
M001395,59.2,94
M001396,30.0,32
M001397,30.0,32
M001398,57.5,93
M001399,25.8,18
M001400,53.3,90
M001401,41.7,69
M001402,56.7,92
M001403,44.2,75
M001404,40.8,66
M001405,25.8,18
M001406,35.0,49
M001407,33.3,43
M001408,79.2,99
M001409,31.7,37
M001410,39.2,62
M001411,40.8,66
M001412,36.7,54
M001413,21.8,9
M001414,25.8,18
M001415,30.8,35
M001416,46.7,80
M001417,26.7,22
M001418,49.2,85
M001419,55.8,91
M001420,45.0,77
M001421,22.5,11
M001422,26.7,22
M001423,29.2,28
M001424,40.8,66
M001425,26.7,22
M001426,35.0,49
M001427,33.3,43
M001428,44.2,75
M001429,41.7,69
M001430,37.5,57
M001431,19.2,6
M001432,50.0,86
M001433,25.8,18
M001434,25.0,15
M001435,36.7,54
M001436,26.7,22
M001437,30.0,32
M001438,38.3,60
M001439,21.7,8
M001440,33.3,43
M001441,19.2,6
M001442,38.3,60
M001443,47.5,82
M001444,40.8,66
M001445,43.3,73
M001446,54.2,90
M001447,44.2,75
M001448,30.0,32
M001449,64.2,96
M001450,29.2,28
M001451,33.3,43
M001452,40.8,66
M001453,18.3,4
M001454,35.0,49
M001455,55.0,91
M001456,30.0,32
M001457,33.3,43
M001458,65.0,96
M001459,19.2,6
M001460,63.3,96
M001461,55.8,91
M001462,40.8,66
M001463,22.5,11
M001464,55.8,91
M001465,53.3,90
M001466,18.3,4
M001467,28.3,25
M001468,88.3,99
M001469,33.3,43
M001470,18.3,4
M001471,18.3,4
M001472,9.7,1
M001473,44.2,75
M001474,37.5,57
M001475,58.3,93
M001476,70.0,97
M001477,75.8,98
M001478,33.3,43
M001479,6.5,0
M001480,30.0,32
M001481,30.8,35
M001482,36.7,54
M001483,45.0,77
M001484,51.7,88
M001485,19.2,6
M001486,18.3,4
M001487,40.8,66
M001488,28.3,25
M001489,40.8,66
M001490,44.2,75
M001491,60.0,94
M001492,38.3,60
M001493,18.3,4
M001494,19.2,6
M001495,30.0,32
M001496,50.0,86
M001497,30.0,32
M001498,25.8,18
M001499,47.5,82
M001500,38.3,60
M001501,25.8,18
M001502,36.7,54
M001503,37.5,57
M001504,29.2,28
M001505,33.3,43
M001506,30.0,32
M001507,22.5,11
M001508,45.8,79
M001509,37.5,57
M001510,37.5,57
M001511,30.0,32
M001512,38.3,60
M001513,43.3,73
M001514,32.5,39
M001515,45.0,77
M001516,35.0,49
M001517,32.5,39
M001518,43.3,73
M001519,45.8,79
M001520,33.3,43
M001521,36.7,54
M001522,60.0,94
M001523,21.7,8
M001524,33.3,43
M001525,35.0,49
M001526,38.3,60
M001527,80.8,99
M001528,30.0,32
M001529,25.8,18
M001530,34.2,47
M001531,32.5,39
M001532,23.3,13
M001533,41.7,69
M001534,41.7,69
M001535,22.5,11
M001536,30.8,35
M001537,32.5,39
M001538,48.3,84
M001539,44.2,75
M001540,46.7,80
M001541,22.5,11
M001542,49.6,86
M001543,36.7,54
M001544,51.7,88
M001545,50.0,86
M001546,17.6,3
M001547,28.3,25
M001548,55.8,91
M001549,37.5,57
M001550,22.5,11
M001551,42.5,71
M001552,64.2,96
M001553,50.0,86
M001554,37.5,57
M001555,26.7,22
M001556,34.2,47
M001557,33.3,43
M001558,30.0,32
M001559,33.3,43
M001560,36.7,54
M001561,51.7,88
M001562,33.3,43
M001563,31.7,37
M001564,26.7,22
M001565,35.0,49
M001566,40.0,64
M001567,33.3,43
M001568,19.2,6
M001569,44.2,75
M001570,28.3,25
M001571,33.3,43
M001572,22.5,11
M001573,59.2,94
M001574,44.2,75
M001575,46.7,80
M001576,57.5,93
M001577,26.7,22
M001578,33.3,43
M001579,37.5,57
M001580,44.2,75
M001581,47.5,82
M001582,39.2,62
M001583,53.3,90
M001584,25.8,18
M001585,30.8,35
M001586,33.3,43
M001587,28.8,26
M001588,42.5,71
M001589,22.5,11
M001590,26.7,22
M001591,40.8,66
M001592,45.0,77
M001593,36.7,54
M001594,65.0,96
M001595,27.5,24
M001596,40.8,66
M001597,40.8,66
M001598,45.0,77
M001599,38.3,60
M001600,30.0,32
M001601,40.8,66
M001602,42.5,71
M001603,23.3,13
M001604,31.5,37
M001605,30.8,35
M001606,25.0,15
M001607,41.7,69
M001608,34.2,47
M001609,30.0,32
M001610,22.5,11
M001611,37.5,57
M001612,53.3,90
M001613,25.8,18
M001614,32.5,39
M001615,38.3,60
M001616,17.9,3
M001617,22.5,11
M001618,33.3,43
M001619,55.8,91
M001620,30.8,35
M001621,51.7,88
M001622,39.2,62
M001623,21.7,8
M001624,28.3,25
M001625,48.3,84
M001626,25.8,18
M001627,38.3,60
M001628,21.7,8
M001629,40.0,64
M001630,35.0,49
M001631,33.3,43
M001632,34.2,47
M001633,50.0,86
M001634,32.5,39
M001635,43.3,73
M001636,26.7,22
M001637,33.3,43
M001638,19.2,6
M001639,3.0,0
M001640,36.7,54
M001641,40.0,64
M001642,40.8,66
M001643,35.0,49
M001644,22.5,11
M001645,48.3,84
M001646,75.8,98
M001647,19.2,6
M001648,53.3,90
M001649,33.3,43
M001650,25.8,18
M001651,44.2,75
M001652,28.3,25
M001653,33.3,43
M001654,42.0,70
M001655,51.7,88
M001656,37.5,57
M001657,29.2,28
M001658,53.3,90
M001659,40.0,64
M001660,25.8,18
M001661,33.3,43
M001662,32.5,39
M001663,39.2,62
M001664,39.2,62
M001665,30.0,32
M001666,25.8,18
M001667,49.2,85
M001668,21.7,8
M001669,48.3,84
M001670,19.2,6
M001671,45.0,77
M001672,47.5,82
M001673,21.7,8
M001674,40.0,64
M001675,34.2,47
M001676,52.5,89
M001677,72.5,97
M001678,60.0,94
M001679,34.2,47
M001680,53.3,90
M001681,30.8,35
M001682,33.3,43
M001683,25.8,18
M001684,18.3,4
M001685,30.0,32
M001686,33.3,43
M001687,31.7,37
M001688,30.8,35
M001689,75.0,98
M001690,60.0,94
M001691,49.2,85
M001692,18.3,4
M001693,33.3,43
M001694,55.8,91
M001695,10.8,1
M001696,35.0,49
M001697,22.5,11
M001698,30.0,32
M001699,32.5,39
M001700,34.0,45
M001701,46.7,80
M001702,21.7,8
M001703,69.2,97
M001704,21.7,8
M001705,39.2,62
M001706,77.5,98
M001707,39.2,62
M001708,34.2,47
M001709,40.8,66
M001710,34.2,47
M001711,30.0,32
M001712,21.7,8
M001713,30.8,35
M001714,55.0,91
M001715,41.7,69
M001716,42.5,71
M001717,19.2,6
M001718,39.2,62
M001719,25.0,15
M001720,40.0,64
M001721,36.7,54
M001722,34.2,47
M001723,34.2,47
M001724,29.2,28
M001725,44.2,75
M001726,30.8,35
M001727,38.3,60
M001728,53.3,90
M001729,40.0,64
M001730,44.4,76
M001731,64.2,96
M001732,25.8,18
M001733,44.2,75
M001734,34.2,47
M001735,79.2,99
M001736,33.3,43
M001737,49.2,85
M001738,41.7,69
M001739,19.0,6
M001740,18.3,4
M001741,38.6,61
M001742,50.0,86
M001743,21.7,8
M001744,40.0,64
M001745,32.5,39
M001746,30.8,35
M001747,44.2,75
M001748,25.8,18
M001749,30.8,35
M001750,52.5,89
M001751,21.7,8
M001752,39.2,62
M001753,36.7,54
M001754,32.5,39
M001755,22.5,11
M001756,18.1,4
M001757,22.5,11
M001758,29.2,28
M001759,32.5,39
M001760,35.8,51
M001761,25.8,18
M001762,33.3,43
M001763,42.5,71
M001764,30.0,32
M001765,36.7,54
M001766,33.3,43
M001767,31.7,37
M001768,27.5,24
M001769,36.7,54
M001770,38.3,60
M001771,41.7,69
M001772,60.0,94
M001773,29.2,28
M001774,21.7,8
M001775,31.7,37
M001776,36.7,54
M001777,30.0,32
M001778,40.8,66
M001779,26.7,22
M001780,47.5,82
M001781,40.8,66
M001782,41.7,69
M001783,60.8,95
M001784,26.7,22
M001785,26.7,22
M001786,47.5,82
M001787,26.7,22
M001788,21.8,9
M001789,33.3,43
M001790,26.7,22
M001791,18.3,4
M001792,37.5,57
M001793,56.7,92
M001794,37.5,57
M001795,51.7,88
M001796,18.3,4
M001797,55.8,91
M001798,14.6,2
M001799,36.7,54
M001800,47.5,82
M001801,22.2,10
M001802,30.8,35
M001803,56.7,92
M001804,48.3,84
M001805,62.5,95
M001806,35.0,49
M001807,8.6,1
M001808,25.0,15
M001809,17.6,3
M001810,26.7,22
M001811,85.8,99
M001812,31.7,37
M001813,34.2,47
M001814,52.5,89
M001815,30.0,32
M001816,44.2,75
M001817,41.7,69
M001818,47.5,82
M001819,34.2,47
M001820,39.2,62
M001821,26.7,22
M001822,52.5,89
M001823,45.0,77
M001824,34.2,47
M001825,45.0,77
M001826,35.8,51
M001827,21.7,8
M001828,49.2,85
M001829,26.7,22
M001830,30.0,32
M001831,41.7,69
M001832,47.5,82
M001833,63.3,96
M001834,29.2,28
M001835,89.2,100
M001836,40.8,66
M001837,75.0,98
M001838,3.0,0
M001839,26.7,22
M001840,48.3,84
M001841,28.3,25
M001842,34.2,47
M001843,34.2,47
M001844,13.8,2
M001845,29.2,28
M001846,41.7,69
M001847,29.2,28
M001848,22.2,10
M001849,25.8,18
M001850,29.2,28
M001851,44.2,75
M001852,29.2,28
M001853,30.0,32
M001854,38.3,60
M001855,25.0,15
M001856,50.8,87
M001857,35.8,51
M001858,43.3,73
M001859,40.8,66
M001860,27.5,24
M001861,91.7,100
M001862,53.3,90
M001863,25.0,15
M001864,49.2,85
M001865,29.2,28
M001866,25.8,18
M001867,30.8,35
M001868,21.7,8
M001869,40.8,66
M001870,29.2,28
M001871,40.0,64
M001872,29.2,28
M001873,25.0,15
M001874,42.5,71
M001875,22.5,11
M001876,25.0,15
M001877,30.8,35
M001878,38.3,60
M001879,26.5,20
M001880,14.7,2
M001881,48.3,84
M001882,40.8,66
M001883,43.3,73
M001884,18.8,5
M001885,47.5,82
M001886,28.3,25
M001887,48.3,84
M001888,33.3,43
M001889,26.7,22
M001890,48.3,84
M001891,29.2,28
M001892,40.0,64
M001893,56.7,92
M001894,48.3,84
M001895,48.3,84
M001896,41.7,69
M001897,18.3,4
M001898,26.7,22
M001899,55.0,91
M001900,25.8,18
M001901,59.2,94
M001902,47.5,82
M001903,33.3,43
M001904,44.2,75
M001905,47.5,82
M001906,30.8,35
M001907,29.2,28
M001908,32.5,39
M001909,37.5,57
M001910,47.5,82
M001911,35.0,49
M001912,26.7,22
M001913,38.3,60
M001914,32.5,39
M001915,26.7,22
M001916,22.5,11
M001917,18.3,4
M001918,76.7,98
M001919,25.8,18
M001920,34.0,45
M001921,18.8,5
M001922,18.3,4
M001923,19.2,6
M001924,32.5,39
M001925,25.0,15
M001926,29.2,28
M001927,25.8,18
M001928,45.0,77
M001929,37.5,57
M001930,45.0,77
M001931,40.8,66
M001932,35.0,49
M001933,29.8,29
M001934,35.0,49
M001935,36.7,54
M001936,22.2,10
M001937,33.3,43
M001938,39.2,62
M001939,27.5,24
M001940,25.0,15
M001941,79.2,99
M001942,33.3,43
M001943,25.8,18
M001944,46.7,80
M001945,29.2,28
M001946,33.3,43
M001947,29.2,28
M001948,41.7,69
M001949,67.5,97
M001950,33.3,43
M001951,30.0,32
M001952,19.2,6
M001953,28.3,25
M001954,29.2,28
M001955,25.8,18
M001956,43.3,73
M001957,40.8,66
M001958,25.8,18
M001959,67.5,97
M001960,40.8,66
M001961,30.0,32
M001962,51.7,88
M001963,22.5,11
M001964,30.0,32
M001965,43.3,73
M001966,18.2,4
M001967,42.5,71
M001968,38.3,60
M001969,26.7,22
M001970,30.0,32
M001971,47.5,82
M001972,25.8,18
M001973,55.8,91
M001974,53.3,90
M001975,22.9,13
M001976,44.2,75
M001977,18.3,4
M001978,43.3,73
M001979,35.0,49
M001980,51.7,88
M001981,7.9,1
M001982,40.0,64
M001983,22.5,11
M001984,29.2,28
M001985,25.8,18
M001986,44.2,75
M001987,29.2,28
M001988,40.1,65
M001989,30.0,32
M001990,41.7,69
M001991,23.3,13
M001992,45.0,77
M001993,22.5,11
M001994,51.7,88
M001995,40.0,64
M001996,35.8,51
M001997,35.0,49
M001998,73.3,98
M001999,34.2,47
M002000,15.6,3
M002001,30.8,35
M002002,40.0,64
M002003,19.2,6
M002004,34.2,47
M002005,15.0,2
M002006,96.7,100
M002007,45.0,77
M002008,22.5,11
M002009,30.0,32
M002010,22.2,10
M002011,30.8,35
M002012,57.5,93
M002013,26.7,22
M002014,33.3,43
M002015,47.5,82
M002016,30.8,35
M002017,19.2,6
M002018,25.8,18
M002019,46.7,80
M002020,39.2,62
M002021,19.2,6
M002022,30.8,35
M002023,15.0,2
M002024,53.3,90
M002025,38.3,60
M002026,55.8,91
M002027,26.7,22
M002028,33.3,43
M002029,50.0,86
M002030,26.7,22
M002031,15.0,2
M002032,44.2,75
M002033,27.1,23
M002034,39.2,62
M002035,37.5,57
M002036,45.0,77
M002037,47.5,82
M002038,37.5,57
M002039,26.7,22
M002040,31.7,37
M002041,29.2,28
M002042,39.2,62
M002043,33.3,43
M002044,40.0,64
M002045,47.5,82
M002046,25.8,18
M002047,45.0,77
M002048,36.7,54
M002049,19.2,6
M002050,34.2,47
M002051,60.0,94
M002052,45.0,77
M002053,42.5,71
M002054,29.2,28
M002055,22.5,11
M002056,23.3,13
M002057,13.0,1
M002058,18.2,4
M002059,49.2,85
M002060,52.5,89
M002061,34.2,47
M002062,36.7,54
M002063,40.0,64
M002064,34.2,47
M002065,43.3,73
M002066,25.8,18
M002067,40.0,64
M002068,47.5,82
M002069,48.3,84
M002070,45.8,79
M002071,30.0,32
M002072,44.2,75
M002073,55.0,91
M002074,18.3,4
M002075,58.3,93
M002076,15.0,2
M002077,15.0,2
M002078,33.3,43
M002079,40.8,66
M002080,57.5,93
M002081,25.0,15
M002082,88.3,99
M002083,47.5,82
M002084,48.3,84
M002085,55.8,91
M002086,51.7,88
M002087,50.0,86
M002088,77.5,98
M002089,35.0,49
M002090,21.7,8
M002091,28.3,25
M002092,59.2,94
M002093,41.7,69
M002094,52.5,89
M002095,34.2,47
M002096,34.2,47
M002097,29.2,28
M002098,30.0,32
M002099,29.2,28
M002100,36.7,54
M002101,75.0,98
M002102,40.0,64
M002103,33.3,43
M002104,30.0,32
M002105,40.0,64
M002106,48.3,84
M002107,30.8,35
M002108,23.3,13
M002109,25.8,18
M002110,34.2,47
M002111,36.7,54
M002112,41.7,69
M002113,22.5,11
M002114,49.2,85
M002115,32.5,39
M002116,46.7,80
M002117,40.0,64
M002118,29.2,28
M002119,56.7,92
M002120,35.0,49
M002121,27.3,23
M002122,37.5,57
M002123,34.2,47
M002124,35.8,51
M002125,29.2,28
M002126,30.0,32
M002127,43.3,73
M002128,49.2,85
M002129,29.2,28
M002130,36.7,54
M002131,59.2,94
M002132,30.8,35
M002133,44.2,75
M002134,40.0,64
M002135,50.0,86
M002136,22.5,11
M002137,41.7,69
M002138,68.3,97
M002139,48.3,84
M002140,35.8,51
M002141,30.0,32
M002142,37.5,57
M002143,41.7,69
M002144,33.3,43
M002145,43.3,73
M002146,91.7,100
M002147,55.8,91
M002148,30.0,32
M002149,42.5,71
M002150,40.0,64
M002151,22.5,11
M002152,32.5,39
M002153,66.7,96
M002154,28.3,25
M002155,19.2,6
M002156,80.0,99
M002157,38.3,60
M002158,40.0,64
M002159,34.2,47
M002160,37.5,57
M002161,58.3,93
M002162,34.2,47
M002163,25.0,15
M002164,40.8,66
M002165,22.5,11
M002166,33.3,43
M002167,21.3,7
M002168,55.8,91
M002169,29.2,28
M002170,79.2,99
M002171,40.0,64
M002172,26.7,22
M002173,45.0,77
M002174,37.5,57
M002175,40.8,66
M002176,26.7,22
M002177,28.3,25
M002178,37.5,57
M002179,22.5,11
M002180,55.8,91
M002181,25.8,18
M002182,21.7,8
M002183,42.5,71
M002184,70.0,97
M002185,51.7,88
M002186,45.8,79
M002187,20.0,7
M002188,34.2,47
M002189,40.8,66
M002190,22.5,11
M002191,26.7,22
M002192,38.3,60
M002193,33.3,43
M002194,55.0,91
M002195,29.2,28
M002196,36.7,54
M002197,42.5,71
M002198,37.5,57
M002199,15.0,2
M002200,100.0,100
M002201,34.2,47
M002202,47.5,82
M002203,43.3,73
M002204,26.7,22
M002205,44.2,75
M002206,49.2,85
M002207,26.7,22
M002208,35.8,51
M002209,49.2,85
M002210,22.5,11
M002211,25.7,16
M002212,18.3,4
M002213,49.2,85
M002214,33.3,43
M002215,41.7,69
M002216,36.7,54
M002217,82.5,99
M002218,42.5,71
M002219,28.7,26
M002220,70.8,97
M002221,33.3,43
M002222,30.0,32
M002223,40.8,66
M002224,7.2,1
M002225,56.7,92
M002226,42.5,71
M002227,55.0,91
M002228,51.7,88
M002229,34.2,47
M002230,35.0,49
M002231,40.8,66
M002232,30.0,32
M002233,40.8,66
M002234,50.0,86
M002235,22.5,11
M002236,35.0,49
M002237,35.0,49
M002238,35.8,51
M002239,35.0,49
M002240,26.7,22
M002241,36.7,54
M002242,45.0,77
M002243,34.2,47
M002244,42.5,71
M002245,33.3,43
M002246,39.2,62
M002247,32.5,39
M002248,51.7,88
M002249,22.2,10
M002250,44.2,75
M002251,30.0,32
M002252,37.5,57
M002253,22.5,11
M002254,30.0,32
M002255,25.0,15
M002256,36.7,54
M002257,30.8,35
M002258,44.2,75
M002259,47.5,82
M002260,47.5,82
M002261,22.5,11
M002262,49.2,85
M002263,33.3,43
M002264,29.2,28
M002265,66.7,96
M002266,60.0,94
M002267,29.2,28
M002268,37.5,57
M002269,40.0,64
M002270,39.2,62
M002271,56.7,92
M002272,34.2,47
M002273,25.0,15
M002274,58.3,93
M002275,18.3,4
M002276,30.0,32
M002277,64.2,96
M002278,15.5,3
M002279,32.5,39
M002280,42.5,71
M002281,3.0,0
M002282,23.3,13
M002283,32.5,39
M002284,34.2,47
M002285,27.5,24
M002286,29.2,28
M002287,32.5,39
M002288,35.8,51
M002289,51.7,88
M002290,35.8,51
M002291,29.2,28
M002292,52.5,89
M002293,30.0,32
M002294,26.7,22
M002295,25.8,18
M002296,22.6,13
M002297,90.0,100
M002298,45.5,78
M002299,38.3,60
M002300,29.2,28
M002301,44.2,75
M002302,43.3,73
M002303,75.0,98
M002304,31.7,37
M002305,47.5,82
M002306,75.0,98
M002307,45.0,77
M002308,26.7,22
M002309,19.2,6
M002310,21.7,8
M002311,43.3,73
M002312,37.5,57
M002313,27.5,24
M002314,37.5,57
M002315,25.0,15
M002316,63.3,96
M002317,32.5,39
M002318,15.0,2
M002319,40.8,66
M002320,48.3,84
M002321,30.0,32
M002322,45.0,77
M002323,19.2,6
M002324,40.8,66
M002325,31.0,37
M002326,66.7,96
M002327,70.0,97
M002328,32.5,39
M002329,40.8,66
M002330,28.3,25
M002331,49.2,85
M002332,26.7,22
M002333,30.0,32
M002334,30.8,35
M002335,51.7,88
M002336,45.0,77
M002337,38.3,60
M002338,45.8,79
M002339,50.0,86
M002340,50.0,86
M002341,41.7,69
M002342,60.0,94
M002343,52.5,89
M002344,32.5,39
M002345,29.2,28
M002346,18.3,4
M002347,45.0,77
M002348,37.5,57
M002349,12.3,1
M002350,15.0,2
M002351,28.3,25
M002352,40.0,64
M002353,56.7,92
M002354,45.8,79
M002355,73.3,98
M002356,32.5,39
M002357,26.7,22
M002358,45.8,79
M002359,30.0,32
M002360,37.5,57
M002361,51.7,88
M002362,42.5,71
M002363,52.5,89
M002364,30.8,35
M002365,30.8,35
M002366,52.5,89
M002367,30.8,35
M002368,42.5,71
M002369,37.5,57
M002370,45.8,79
M002371,49.2,85
M002372,32.5,39
M002373,40.8,66
M002374,45.0,77
M002375,41.7,69
M002376,40.0,64
M002377,21.8,9
M002378,33.3,43
M002379,36.7,54
M002380,37.5,57
M002381,40.8,66
M002382,22.5,11
M002383,60.0,94
M002384,50.0,86
M002385,45.8,79
M002386,46.7,80
M002387,41.7,69
M002388,25.8,18
M002389,30.0,32
M002390,33.3,43
M002391,40.0,64
M002392,25.8,18
M002393,40.0,64
M002394,55.8,91
M002395,43.3,73
M002396,37.8,59
M002397,40.0,64
M002398,36.7,54
M002399,5.9,0
M002400,30.0,32
M002401,75.8,98
M002402,30.8,35
M002403,22.8,13
M002404,33.3,43
M002405,51.7,88
M002406,28.3,25
M002407,38.3,60
M002408,33.3,43
M002409,48.3,84
M002410,28.3,25
M002411,32.5,39
M002412,31.7,37
M002413,43.3,73
M002414,33.3,43
M002415,85.0,99
M002416,22.5,11
M002417,29.2,28
M002418,40.0,64
M002419,56.7,92
M002420,30.0,32
M002421,65.0,96
M002422,48.3,84
M002423,19.2,6
M002424,41.7,69
M002425,36.7,54
M002426,44.2,75
M002427,60.8,95
M002428,30.0,32
M002429,26.7,22
M002430,22.5,11
M002431,29.2,28
M002432,29.2,28
M002433,51.7,88
M002434,30.0,32
M002435,6.3,0
M002436,25.8,18
M002437,15.0,2
M002438,62.5,95
M002439,49.2,85
M002440,22.5,11
M002441,23.3,13
M002442,33.3,43
M002443,41.7,69
M002444,40.8,66
M002445,23.3,13
M002446,43.3,73
M002447,25.8,18
M002448,61.7,95
M002449,30.0,32
M002450,45.0,77
M002451,40.0,64
M002452,33.3,43
M002453,21.7,8
M002454,44.2,75
M002455,49.2,85
M002456,36.7,54
M002457,27.5,24
M002458,22.5,11
M002459,30.0,32
M002460,48.3,84
M002461,24.2,14
M002462,26.7,22
M002463,25.8,18
M002464,45.8,79
M002465,22.5,11
M002466,65.8,96
M002467,75.8,98
M002468,37.5,57
M002469,25.0,15
M002470,43.3,73
M002471,36.7,54
M002472,15.0,2
M002473,30.8,35
M002474,60.0,94
M002475,26.7,22
M002476,51.7,88
M002477,35.0,49
M002478,33.3,43
M002479,35.8,51
M002480,40.8,66
M002481,19.2,6
M002482,26.7,22
M002483,26.7,22
M002484,39.2,62
M002485,40.8,66
M002486,24.3,14
M002487,69.2,97
M002488,34.2,47
M002489,37.5,57
M002490,35.0,49
M002491,35.8,51
M002492,44.2,75
M002493,45.8,79
M002494,53.3,90
M002495,30.8,35
M002496,47.5,82
M002497,65.8,96
M002498,29.2,28
M002499,33.3,43
M002500,33.3,43
M002501,40.8,66
M002502,40.0,64
M002503,27.5,24
M002504,40.8,66
M002505,39.2,62
M002506,44.2,75
M002507,33.3,43
M002508,49.2,85
M002509,38.3,60
M002510,28.3,25
M002511,27.5,24
M002512,41.7,69
M002513,35.8,51
M002514,38.3,60
M002515,27.5,24
M002516,36.7,54
M002517,70.8,97
M002518,25.8,18
M002519,36.7,54
M002520,30.0,32
M002521,56.7,92
M002522,40.0,64
M002523,31.7,37
M002524,13.4,2
M002525,62.5,95
M002526,26.7,22
M002527,52.5,89
M002528,36.7,54
M002529,25.8,18
M002530,47.5,82
M002531,23.3,13
M002532,24.0,14
M002533,41.7,69
M002534,35.0,49
M002535,16.9,3
M002536,47.5,82
M002537,36.7,54
M002538,25.8,18
M002539,44.5,76
M002540,36.7,54
M002541,36.7,54
M002542,48.3,84
M002543,21.7,8
M002544,25.8,18
M002545,25.0,15
M002546,32.5,39
M002547,21.7,8
M002548,40.0,64
M002549,22.5,11
M002550,41.7,69
M002551,35.0,49
M002552,12.2,1
M002553,34.2,47
M002554,55.8,91
M002555,35.0,49
M002556,36.7,54
M002557,62.5,95
M002558,47.5,82
M002559,43.3,73
M002560,30.1,34
M002561,50.0,86
M002562,35.0,49
M002563,6.3,0
M002564,30.0,32
M002565,29.2,28
M002566,30.0,32
M002567,46.7,80
M002568,36.7,54
M002569,81.7,99
M002570,21.7,8
M002571,42.5,71
M002572,21.7,8
M002573,33.3,43
M002574,25.8,18
M002575,22.5,11
M002576,41.7,69
M002577,37.5,57
M002578,34.2,47
M002579,82.5,99
M002580,51.7,88
M002581,43.3,73
M002582,25.0,15
M002583,53.3,90
M002584,29.2,28
M002585,33.3,43
M002586,6.3,0
M002587,47.5,82
M002588,36.7,54
M002589,51.7,88
M002590,25.8,18
M002591,33.3,43
M002592,47.5,82
M002593,29.2,28
M002594,26.4,20
M002595,28.3,25
M002596,48.3,84
M002597,40.0,64
M002598,43.3,73
M002599,45.0,77
M002600,45.0,77
M002601,35.8,51
M002602,30.0,32
M002603,30.0,32
M002604,44.2,75
M002605,38.3,60
M002606,25.8,18
M002607,37.5,57
M002608,18.3,4
M002609,51.7,88
M002610,3.0,0
M002611,62.5,95
M002612,31.7,37
M002613,33.3,43
M002614,40.8,66
M002615,29.2,28
M002616,15.0,2
M002617,49.2,85
M002618,40.8,66
M002619,81.7,99
M002620,51.7,88
M002621,36.7,54
M002622,40.0,64
M002623,21.7,8
M002624,58.3,93
M002625,62.5,95
M002626,30.8,35
M002627,41.7,69
M002628,37.5,57
M002629,30.0,32
M002630,21.7,8
M002631,38.3,60
M002632,25.8,18
M002633,18.3,4
M002634,44.2,75
M002635,30.0,32
M002636,21.7,8
M002637,26.7,22
M002638,49.2,85
M002639,48.3,84
M002640,40.8,66
M002641,76.7,98
M002642,34.2,47
M002643,25.8,18
M002644,22.5,11
M002645,27.5,24
M002646,37.5,57
M002647,41.7,69
M002648,51.7,88
M002649,48.3,84
M002650,44.2,75
M002651,18.3,4
M002652,22.5,11
M002653,25.0,15
M002654,22.5,11
M002655,6.3,0
M002656,19.2,6
M002657,28.3,25
M002658,30.8,35
M002659,45.0,77
M002660,47.5,82
M002661,29.2,28
M002662,40.0,64
M002663,35.0,49
M002664,30.0,32
M002665,69.2,97
M002666,46.7,80
M002667,71.7,97
M002668,45.8,79
M002669,23.6,14
M002670,30.0,32
M002671,35.0,49
M002672,25.8,18
M002673,44.2,75
M002674,34.2,47
M002675,38.3,60
M002676,23.3,13
M002677,38.3,60
M002678,44.2,75
M002679,56.7,92
M002680,68.3,97
M002681,37.5,57
M002682,44.2,75
M002683,22.5,11
M002684,17.6,3
M002685,40.8,66
M002686,38.3,60
M002687,30.0,32
M002688,25.8,18
M002689,19.2,6
M002690,40.0,64
M002691,33.3,43
M002692,18.3,4
M002693,29.2,28
M002694,34.2,47
M002695,45.0,77
M002696,70.8,97
M002697,42.5,71
M002698,36.7,54
M002699,36.7,54
M002700,25.8,18
M002701,34.2,47
M002702,27.5,24
M002703,19.2,6
M002704,44.2,75
M002705,13.8,2
M002706,26.7,22
M002707,22.5,11
M002708,32.5,39
M002709,36.7,54
M002710,29.2,28
M002711,9.7,1
M002712,35.0,49
M002713,43.3,73
M002714,30.0,32
M002715,32.5,39
M002716,33.3,43
M002717,30.0,32
M002718,40.0,64
M002719,45.8,79
M002720,45.0,77
M002721,48.3,84
M002722,36.7,54
M002723,42.5,71
M002724,29.2,28
M002725,22.5,11
M002726,35.0,49
M002727,55.8,91
M002728,75.0,98
M002729,40.8,66
M002730,35.8,51
M002731,45.0,77
M002732,39.2,62
M002733,30.0,32
M002734,44.2,75
M002735,26.7,22
M002736,29.2,28
M002737,25.0,15
M002738,36.7,54
M002739,60.8,95
M002740,49.2,85
M002741,31.7,37
M002742,27.5,24
M002743,19.2,6
M002744,65.8,96
M002745,40.8,66
M002746,52.5,89
M002747,34.2,47
M002748,35.8,51
M002749,18.1,4
M002750,39.2,62
M002751,65.8,96
M002752,33.3,43
M002753,38.3,60
M002754,45.0,77
M002755,30.8,35
M002756,12.3,1
M002757,26.7,22
M002758,34.2,47
M002759,23.3,13
M002760,28.3,25
M002761,30.8,35
M002762,60.0,94
M002763,33.3,43
M002764,40.8,66
M002765,13.1,2
M002766,58.3,93
M002767,48.3,84
M002768,33.3,43
M002769,38.3,60
M002770,25.8,18
M002771,46.7,80
M002772,44.2,75
M002773,40.8,66
M002774,44.2,75
M002775,36.7,54
M002776,91.7,100
M002777,36.7,54
M002778,33.3,43
M002779,51.7,88
M002780,48.3,84
M002781,35.0,49
M002782,45.8,79
M002783,37.5,57
M002784,40.0,64
M002785,40.8,66
M002786,30.8,35
M002787,80.8,99
M002788,74.2,98
M002789,35.7,50
M002790,25.8,18
M002791,25.8,18
M002792,30.0,32
M002793,42.5,71
M002794,29.2,28
M002795,22.5,11
M002796,51.7,88
M002797,32.5,39
M002798,36.7,54
M002799,39.2,62
M002800,47.5,82
M002801,30.0,32
M002802,30.0,32
M002803,42.5,71
M002804,60.0,94
M002805,53.3,90
M002806,18.3,4
M002807,41.7,69
M002808,25.8,18
M002809,73.3,98
M002810,19.2,6
M002811,56.7,92
M002812,30.0,32
M002813,50.0,86
M002814,40.8,66
M002815,22.5,11
M002816,21.4,7
M002817,22.5,11
M002818,18.3,4
M002819,31.7,37
M002820,31.7,37
M002821,36.7,54
M002822,25.8,18
M002823,5.0,0
M002824,25.8,18
M002825,37.5,57
M002826,32.5,39
M002827,38.3,60
M002828,70.8,97
M002829,45.8,79
M002830,39.2,62
M002831,30.0,32
M002832,33.3,43
M002833,33.3,43
M002834,56.7,92
M002835,30.0,32
M002836,25.8,18
M002837,69.2,97
M002838,16.8,3
M002839,35.0,49
M002840,29.2,28
M002841,62.5,95
M002842,29.8,29
M002843,36.7,54
M002844,36.7,54
M002845,36.7,54
M002846,26.7,22
M002847,21.7,8
M002848,44.2,75
M002849,55.0,91
M002850,32.5,39
M002851,25.0,15
M002852,34.2,47
M002853,22.5,11
M002854,25.0,15
M002855,36.7,54
M002856,22.5,11
M002857,36.7,54
M002858,37.5,57
M002859,35.0,49
M002860,30.0,32
M002861,45.0,77
M002862,42.5,71
M002863,27.5,24
M002864,15.5,3
M002865,25.8,18
M002866,22.5,11
M002867,15.0,2
M002868,77.5,98
M002869,41.7,69
M002870,48.3,84
M002871,26.7,22
M002872,22.5,11
M002873,38.3,60
M002874,27.5,24
M002875,39.2,62
M002876,25.8,18
M002877,43.3,73
M002878,22.5,11
M002879,38.3,60
M002880,45.8,79
M002881,32.5,39
M002882,18.2,4
M002883,45.8,79
M002884,45.0,77
M002885,34.2,47
M002886,43.3,73
M002887,23.3,13
M002888,47.5,82
M002889,40.0,64
M002890,33.3,43
M002891,33.3,43
M002892,59.2,94
M002893,39.2,62
M002894,34.2,47
M002895,60.8,95
M002896,44.2,75
M002897,39.2,62
M002898,32.5,39
M002899,44.2,75
M002900,41.7,69
M002901,33.3,43
M002902,37.5,57
M002903,21.7,8
M002904,60.0,94
M002905,37.5,57
M002906,61.7,95
M002907,25.0,15
M002908,60.0,94
M002909,21.7,8
M002910,52.5,89
M002911,30.8,35
M002912,48.3,84
M002913,19.2,6
M002914,31.1,37
M002915,3.0,0
M002916,25.8,18
M002917,41.7,69
M002918,19.2,6
M002919,56.7,92
M002920,35.2,50
M002921,32.5,39
M002922,55.8,91
M002923,50.0,86
M002924,30.8,35
M002925,40.8,66
M002926,35.0,49
M002927,25.8,18
M002928,35.8,51
M002929,19.2,6
M002930,19.2,6
M002931,31.7,37
M002932,40.8,66
M002933,32.5,39
M002934,25.8,18
M002935,25.0,15
M002936,40.8,66
M002937,37.5,57
M002938,64.2,96
M002939,23.3,13
M002940,31.7,37
M002941,30.8,35
M002942,29.2,28
M002943,33.3,43
M002944,35.8,51
M002945,39.8,63
M002946,32.5,39
M002947,30.0,32
M002948,36.7,54
M002949,25.8,18
M002950,32.5,39
M002951,43.3,73
M002952,26.7,22
M002953,45.8,79
M002954,43.3,73
M002955,37.5,57
M002956,36.7,54
M002957,42.5,71
M002958,38.3,60
M002959,41.7,69
M002960,25.0,15
M002961,29.2,28
M002962,41.7,69
M002963,44.2,75
M002964,47.5,82
M002965,35.8,51
M002966,43.3,73
M002967,30.5,34
M002968,22.5,11
M002969,28.3,25
M002970,40.8,66
M002971,28.2,24
M002972,70.8,97
M002973,30.8,35
M002974,25.8,18
M002975,22.5,11
M002976,34.2,47
M002977,43.3,73
M002978,33.3,43
M002979,22.5,11
M002980,52.5,89
M002981,32.5,39
M002982,31.7,37
M002983,41.7,69
M002984,26.7,22
M002985,65.8,96
M002986,29.2,28
M002987,46.7,80
M002988,29.2,28
M002989,55.8,91
M002990,35.8,51
M002991,33.3,43
M002992,62.5,95
M002993,84.2,99
M002994,85.8,99
M002995,30.0,32
M002996,25.8,18
M002997,43.3,73
M002998,48.3,84
M002999,33.3,43
M003000,19.4,7
M003001,34.2,47
M003002,28.3,25
M003003,43.3,73
M003004,30.0,32
M003005,26.7,22
M003006,22.7,13
M003007,37.5,57
M003008,22.5,11
M003009,27.5,24
M003010,30.0,32
M003011,25.8,18
M003012,45.8,79
M003013,34.2,47
M003014,39.2,62
M003015,18.3,4
M003016,40.8,66
M003017,9.7,1
M003018,26.7,22
M003019,22.5,11
M003020,25.8,18
M003021,88.3,99
M003022,73.3,98
M003023,47.5,82
M003024,35.0,49
M003025,18.3,4
M003026,33.3,43
M003027,45.0,77
M003028,35.0,49
M003029,41.7,69
M003030,45.8,79
M003031,27.5,24
M003032,27.5,24
M003033,6.3,0
M003034,25.0,15
M003035,91.7,100
M003036,15.0,2
M003037,53.3,90
M003038,50.0,86
M003039,45.8,79
M003040,32.5,39
M003041,25.8,18
M003042,29.2,28
M003043,30.0,32
M003044,25.8,18
M003045,37.5,57
M003046,40.0,64
M003047,30.0,32
M003048,36.7,54
M003049,51.7,88
M003050,40.8,66
M003051,36.7,54
M003052,34.2,47
M003053,35.8,51
M003054,27.5,24
M003055,25.8,18
M003056,47.5,82
M003057,41.4,68
M003058,33.3,43
M003059,37.5,57
M003060,40.8,66
M003061,49.2,85
M003062,36.7,54
M003063,43.3,73
M003064,51.7,88
M003065,35.8,51
M003066,34.2,47
M003067,47.5,82
M003068,27.6,24
M003069,29.2,28
M003070,47.5,82
M003071,26.7,22
M003072,39.2,62
M003073,30.8,35
M003074,83.3,99
M003075,38.3,60
M003076,30.0,32
M003077,10.0,1
M003078,34.2,47
M003079,37.5,57
M003080,49.2,85
M003081,56.7,92
M003082,47.5,82
M003083,37.5,57
M003084,25.8,18
M003085,31.7,37
M003086,19.0,6
M003087,52.5,89
M003088,52.5,89
M003089,41.7,69
M003090,50.8,87
M003091,67.5,97
M003092,33.3,43
M003093,47.5,82
M003094,32.5,39
M003095,47.5,82
M003096,29.2,28
M003097,50.0,86
M003098,29.2,28
M003099,51.7,88
M003100,22.5,11
M003101,53.3,90
M003102,36.7,54
M003103,58.3,93
M003104,19.1,6
M003105,25.8,18
M003106,33.3,43
M003107,19.2,6
M003108,41.7,69
M003109,34.2,47
M003110,40.8,66
M003111,36.7,54
M003112,40.8,66
M003113,53.3,90
M003114,22.5,11
M003115,32.5,39
M003116,18.0,3
M003117,25.0,15
M003118,30.0,32
M003119,31.7,37
M003120,43.3,73
M003121,30.0,32
M003122,15.0,2
M003123,32.5,39
M003124,47.5,82
M003125,26.7,22
M003126,44.2,75
M003127,46.7,80
M003128,39.2,62
M003129,18.3,4
M003130,47.5,82
M003131,21.7,8
M003132,19.2,6
M003133,29.2,28
M003134,26.7,22
M003135,32.5,39
M003136,29.2,28
M003137,29.2,28
M003138,44.2,75
M003139,21.7,8
M003140,22.5,11
M003141,34.2,47
M003142,19.2,6
M003143,25.8,18
M003144,35.8,51
M003145,44.2,75
M003146,25.3,16
M003147,30.0,32
M003148,30.0,32
M003149,25.8,18
M003150,30.8,35
M003151,30.0,32
M003152,73.3,98
M003153,28.3,25
M003154,26.7,22
M003155,19.2,6
M003156,23.3,13
M003157,37.5,57
M003158,34.2,47
M003159,37.5,57
M003160,39.2,62
M003161,25.5,16
M003162,30.0,32
M003163,30.0,32
M003164,53.3,90
M003165,32.5,39
M003166,45.8,79
M003167,29.2,28
M003168,35.8,51
M003169,40.8,66
M003170,37.5,57
M003171,19.5,7
M003172,21.7,8
M003173,15.0,2
M003174,42.5,71
M003175,40.8,66
M003176,37.5,57
M003177,45.8,79
M003178,25.8,18
M003179,43.3,73
M003180,21.7,8
M003181,47.5,82
M003182,32.5,39
M003183,14.3,2
M003184,30.0,32
M003185,18.3,4
M003186,22.5,11
M003187,32.5,39
M003188,55.8,91
M003189,26.7,22
M003190,35.0,49
M003191,37.5,57
M003192,47.5,82
M003193,47.5,82
M003194,29.2,28
M003195,89.2,100
M003196,58.0,93
M003197,60.0,94
M003198,35.8,51
M003199,26.7,22
M003200,22.5,11
M003201,45.0,77
M003202,30.0,32
M003203,37.5,57
M003204,39.2,62
M003205,51.7,88
M003206,33.3,43
M003207,47.5,82
M003208,15.0,2
M003209,50.8,87
M003210,29.2,28
M003211,45.0,77
M003212,30.8,35
M003213,42.5,71
M003214,60.0,94
M003215,46.7,80
M003216,64.2,96
M003217,70.8,97
M003218,31.7,37
M003219,53.3,90
M003220,33.3,43
M003221,33.3,43
M003222,21.7,8
M003223,38.3,60
M003224,23.3,13
M003225,51.7,88
M003226,40.8,66
M003227,45.0,77
M003228,37.5,57
M003229,36.7,54
M003230,45.0,77
M003231,37.5,57
M003232,30.8,35
M003233,40.8,66
M003234,32.5,39
M003235,33.3,43
M003236,25.0,15
M003237,52.5,89
M003238,40.0,64
M003239,56.7,92
M003240,17.1,3
M003241,34.2,47
M003242,25.0,15
M003243,41.7,69
M003244,33.3,43
M003245,26.7,22
M003246,31.7,37
M003247,59.2,94
M003248,29.2,28
M003249,72.5,97
M003250,48.3,84
M003251,60.8,95
M003252,45.0,77
M003253,84.2,99
M003254,30.0,32
M003255,37.5,57
M003256,35.8,51
M003257,30.0,32
M003258,44.2,75
M003259,47.5,82
M003260,56.7,92
M003261,26.7,22
M003262,29.2,28
M003263,30.0,32
M003264,34.2,47
M003265,61.7,95
M003266,69.2,97
M003267,41.7,69
M003268,55.0,91
M003269,45.0,77
M003270,59.2,94
M003271,45.8,79
M003272,37.5,57
M003273,32.5,39
M003274,41.7,69
M003275,35.8,51
M003276,39.8,63
M003277,45.8,79
M003278,73.3,98
M003279,35.8,51
M003280,40.8,66
M003281,21.7,8
M003282,35.8,51
M003283,35.0,49
M003284,40.8,66
M003285,50.0,86
M003286,29.2,28
M003287,38.3,60
M003288,44.2,75
M003289,25.8,18
M003290,39.2,62
M003291,40.8,66
M003292,34.2,47
M003293,25.8,18
M003294,22.7,13
M003295,18.3,4
M003296,36.7,54
M003297,32.5,39
M003298,40.8,66
M003299,26.7,22
M003300,36.7,54
M003301,32.5,39
M003302,30.0,32
M003303,25.8,18
M003304,18.3,4
M003305,34.2,47
M003306,60.0,94
M003307,60.0,94
M003308,41.7,69
M003309,31.7,37
M003310,30.0,32
M003311,21.7,8
M003312,74.2,98
M003313,38.3,60
M003314,33.3,43
M003315,26.7,22
M003316,15.0,2
M003317,45.8,79
M003318,19.2,6
M003319,35.0,49
M003320,30.0,32
M003321,41.7,69
M003322,35.0,49
M003323,30.0,32
M003324,58.3,93
M003325,28.3,25
M003326,25.8,18
M003327,44.2,75
M003328,25.0,15
M003329,38.3,60
M003330,29.2,28
M003331,55.8,91
M003332,18.3,4
M003333,36.7,54
M003334,34.2,47
M003335,41.7,69
M003336,25.8,18
M003337,37.5,57
M003338,48.3,84
M003339,22.5,11
M003340,55.8,91
M003341,29.2,28
M003342,35.8,51
M003343,32.5,39
M003344,32.5,39
M003345,19.2,6
M003346,33.3,43
M003347,35.0,49
M003348,34.2,47
M003349,36.7,54
M003350,12.1,1
M003351,85.8,99
M003352,70.8,97
M003353,34.2,47
M003354,37.5,57
M003355,47.5,82
M003356,22.5,11
M003357,51.7,88
M003358,11.3,1
M003359,25.8,18
M003360,32.5,39
M003361,37.5,57
M003362,31.7,37
M003363,40.0,64
M003364,29.2,28
M003365,32.5,39
M003366,45.8,79
M003367,43.3,73
M003368,49.2,85
M003369,34.2,47
M003370,43.3,73
M003371,19.2,6
M003372,26.7,22
M003373,55.8,91
M003374,38.2,59
M003375,45.8,79
M003376,21.7,8
M003377,30.8,35
M003378,34.2,47
M003379,48.3,84
M003380,27.5,24
M003381,30.0,32
M003382,55.0,91
M003383,25.0,15
M003384,30.0,32
M003385,49.2,85
M003386,39.2,62
M003387,39.2,62
M003388,18.3,4
M003389,44.2,75
M003390,37.5,57
M003391,49.2,85
M003392,36.7,54
M003393,40.0,64
M003394,45.8,79
M003395,41.7,69
M003396,26.7,22
M003397,44.2,75
M003398,25.8,18
M003399,44.2,75
M003400,45.0,77
M003401,53.3,90
M003402,45.8,79
M003403,40.8,66
M003404,30.0,32
M003405,34.2,47
M003406,66.7,96
M003407,23.3,13
M003408,43.3,73
M003409,60.0,94
M003410,25.8,18
M003411,30.0,32
M003412,33.3,43
M003413,36.7,54
M003414,26.7,22
M003415,37.5,57
M003416,23.3,13
M003417,45.0,77
M003418,36.7,54
M003419,49.2,85
M003420,30.0,32
M003421,38.3,60
M003422,18.3,4
M003423,59.2,94
M003424,35.8,51
M003425,36.7,54
M003426,38.3,60
M003427,37.5,57
M003428,30.0,32
M003429,28.3,25
M003430,6.3,0
M003431,45.8,79
M003432,30.0,32
M003433,15.0,2
M003434,25.0,15
M003435,15.0,2
M003436,62.5,95
M003437,30.8,35
M003438,34.2,47
M003439,26.7,22
M003440,38.3,60
M003441,21.7,8
M003442,38.3,60
M003443,38.3,60
M003444,32.5,39
M003445,25.8,18
M003446,28.3,25
M003447,43.3,73
M003448,61.7,95
M003449,26.7,22
M003450,31.7,37
M003451,45.0,77
M003452,34.2,47
M003453,25.0,15
M003454,33.3,43
M003455,22.5,11
M003456,25.8,18
M003457,40.8,66
M003458,35.0,49
M003459,29.2,28
M003460,100.0,100
M003461,45.8,79
M003462,32.0,38
M003463,29.2,28
M003464,45.0,77
M003465,45.0,77
M003466,34.2,47
M003467,30.0,32
M003468,43.3,73
M003469,18.3,4
M003470,18.3,4
M003471,46.7,80
M003472,42.5,71
M003473,44.2,75
M003474,19.2,6
M003475,38.3,60
M003476,35.0,49
M003477,32.5,39
M003478,45.8,79
M003479,18.3,4
M003480,36.7,54
M003481,50.0,86
M003482,74.2,98
M003483,35.0,49
M003484,37.5,57
M003485,21.7,8
M003486,42.5,71
M003487,27.5,24
M003488,33.3,43
M003489,22.5,11
M003490,49.2,85
M003491,35.8,51
M003492,32.5,39
M003493,32.5,39
M003494,28.3,25
M003495,46.7,80
M003496,29.2,28
M003497,35.0,49
M003498,25.8,18
M003499,13.1,2
M003500,28.3,25
M003501,40.8,66
M003502,44.2,75
M003503,47.5,82
M003504,35.0,49
M003505,30.0,32
M003506,40.8,66
M003507,25.8,18
M003508,29.2,28
M003509,37.5,57
M003510,33.3,43
M003511,36.7,54
M003512,25.0,15
M003513,18.3,4
M003514,26.7,22
M003515,23.3,13
M003516,26.7,22
M003517,32.5,39
M003518,3.0,0
M003519,39.2,62
M003520,77.5,98
M003521,18.3,4
M003522,51.7,88
M003523,46.7,80
M003524,26.7,22
M003525,53.3,90
M003526,45.8,79
M003527,36.7,54
M003528,25.8,18
M003529,30.8,35
M003530,18.3,4
M003531,25.8,18
M003532,36.7,54
M003533,33.3,43
M003534,22.5,11
M003535,45.8,79
M003536,35.0,49
M003537,35.0,49
M003538,25.7,16
M003539,36.7,54
M003540,29.2,28
M003541,22.5,11
M003542,32.5,39
M003543,33.3,43
M003544,45.8,79
M003545,33.3,43
M003546,38.3,60
M003547,57.5,93
M003548,48.3,84
M003549,25.0,15
M003550,37.5,57
M003551,70.0,97
M003552,48.3,84
M003553,22.5,11
M003554,65.7,96
M003555,34.2,47
M003556,36.7,54
M003557,41.7,69
M003558,50.0,86
M003559,40.0,64
M003560,55.8,91
M003561,41.7,69
M003562,45.0,77
M003563,32.5,39
M003564,26.7,22
M003565,70.8,97
M003566,26.7,22
M003567,41.7,69
M003568,48.3,84
M003569,30.8,35
M003570,29.2,28
M003571,30.0,32
M003572,25.8,18
M003573,25.8,18
M003574,30.0,32
M003575,36.7,54
M003576,45.8,79
M003577,32.5,39
M003578,22.5,11
M003579,36.7,54
M003580,50.0,86
M003581,30.8,35
M003582,34.2,47
M003583,38.3,60
M003584,30.8,35
M003585,38.3,60
M003586,25.8,18
M003587,38.3,60
M003588,53.3,90
M003589,38.3,60
M003590,25.0,15
M003591,36.7,54
M003592,67.5,97
M003593,26.7,22
M003594,34.2,47
M003595,32.5,39
M003596,43.3,73
M003597,45.8,79
M003598,61.7,95
M003599,34.2,47
M003600,36.7,54
M003601,30.8,35
M003602,8.7,1
M003603,41.7,69
M003604,41.7,69
M003605,30.0,32
M003606,30.0,32
M003607,47.5,82
M003608,37.5,57
M003609,30.8,35
M003610,27.5,24
M003611,32.5,39
M003612,25.8,18
M003613,50.0,86
M003614,21.7,8
M003615,15.0,2
M003616,25.8,18
M003617,40.8,66
M003618,22.5,11
M003619,30.8,35
M003620,47.5,82
M003621,44.2,75
M003622,30.0,32
M003623,38.3,60
M003624,35.0,49
M003625,15.0,2
M003626,43.3,73
M003627,36.7,54
M003628,93.3,100
M003629,18.3,4
M003630,29.2,28
M003631,35.0,49
M003632,37.5,57
M003633,33.3,43
M003634,33.3,43
M003635,43.3,73
M003636,35.0,49
M003637,30.8,35
M003638,41.7,69
M003639,31.7,37
M003640,80.8,99
M003641,22.5,11
M003642,21.7,8
M003643,47.5,82
M003644,31.7,37
M003645,32.5,39
M003646,29.2,28
M003647,35.8,51
M003648,49.2,85
M003649,19.2,6
M003650,43.3,73
M003651,34.2,47
M003652,47.5,82
M003653,18.3,4
M003654,77.5,98
M003655,22.5,11
M003656,51.7,88
M003657,40.8,66
M003658,30.0,32
M003659,68.3,97
M003660,37.5,57
M003661,25.8,18
M003662,55.8,91
M003663,23.3,13
M003664,40.8,66
M003665,39.2,62
M003666,33.3,43
M003667,39.2,62
M003668,52.5,89
M003669,40.8,66
M003670,41.7,69
M003671,34.2,47
M003672,26.7,22
M003673,29.2,28
M003674,25.0,15
M003675,55.0,91
M003676,44.2,75
M003677,30.0,32
M003678,26.7,22
M003679,44.2,75
M003680,22.5,11
M003681,26.5,20
M003682,19.2,6
M003683,26.7,22
M003684,25.8,18
M003685,28.3,25
M003686,34.2,47
M003687,35.0,49
M003688,42.5,71
M003689,30.0,32
M003690,33.3,43
M003691,47.5,82
M003692,35.0,49
M003693,33.3,43
M003694,28.7,26
M003695,35.8,51
M003696,21.7,8
M003697,25.0,15
M003698,18.3,4
M003699,33.3,43
M003700,50.8,87
M003701,33.3,43
M003702,44.2,75
M003703,22.5,11
M003704,34.2,47
M003705,33.3,43
M003706,37.5,57
M003707,30.0,32
M003708,45.0,77
M003709,35.8,51
M003710,21.7,8
M003711,30.0,32
M003712,15.0,2
M003713,29.2,28
M003714,40.0,64
M003715,45.8,79
M003716,57.5,93
M003717,34.2,47
M003718,66.7,96
M003719,43.3,73
M003720,30.0,32
M003721,32.5,39
M003722,47.5,82
M003723,35.8,51
M003724,44.2,75
M003725,33.3,43
M003726,30.8,35
M003727,52.5,89
M003728,36.7,54
M003729,51.7,88
M003730,45.0,77
M003731,28.3,25
M003732,44.2,75
M003733,31.7,37
M003734,26.7,22
M003735,26.7,22
M003736,56.7,92
M003737,21.7,8
M003738,55.8,91
M003739,21.7,8
M003740,30.0,32
M003741,36.7,54
M003742,34.2,47
M003743,18.3,4
M003744,21.7,8
M003745,37.5,57
M003746,44.2,75
M003747,16.3,3
M003748,58.3,93
M003749,33.3,43
M003750,39.2,62
M003751,19.2,6
M003752,18.3,4
M003753,22.5,11
M003754,25.8,18
M003755,35.8,51
M003756,18.3,4
M003757,19.2,6
M003758,33.3,43
M003759,43.3,73
M003760,43.3,73
M003761,37.5,57
M003762,40.8,66
M003763,62.5,95
M003764,40.8,66
M003765,35.8,51
M003766,51.7,88
M003767,51.7,88
M003768,60.0,94
M003769,58.3,93
M003770,46.7,80
M003771,38.3,60
M003772,45.0,77
M003773,23.3,13
M003774,26.7,22
M003775,50.8,87
M003776,32.5,39
M003777,25.8,18
M003778,22.5,11
M003779,38.3,60
M003780,38.3,60
M003781,39.2,62
M003782,34.2,47
M003783,33.3,43
M003784,40.0,64
M003785,47.5,82
M003786,85.8,99
M003787,18.3,4
M003788,22.5,11
M003789,44.2,75
M003790,30.0,32
M003791,30.0,32
M003792,36.7,54
M003793,32.5,39
M003794,36.7,54
M003795,45.0,77
M003796,30.0,32
M003797,22.5,11
M003798,22.5,11
M003799,25.8,18
M003800,15.0,2
M003801,22.5,11
M003802,15.4,3
M003803,42.5,71
M003804,51.7,88
M003805,32.5,39
M003806,41.7,69
M003807,43.3,73
M003808,56.7,92
M003809,36.7,54
M003810,47.5,82
M003811,30.8,35
M003812,30.0,32
M003813,32.5,39
M003814,46.7,80
M003815,43.3,73
M003816,30.8,35
M003817,40.8,66
M003818,48.3,84
M003819,32.5,39
M003820,22.5,11
M003821,27.5,24
M003822,30.8,35
M003823,34.2,47
M003824,48.3,84
M003825,45.0,77
M003826,29.2,28
M003827,41.7,69
M003828,25.0,15
M003829,56.7,92
M003830,45.8,79
M003831,22.5,11
M003832,29.2,28
M003833,34.2,47
M003834,10.1,1
M003835,25.8,18
M003836,25.0,15
M003837,41.7,69
M003838,16.8,3
M003839,23.3,13
M003840,90.0,100
M003841,18.3,4
M003842,35.0,49
M003843,60.0,94
M003844,44.2,75
M003845,47.5,82
M003846,33.3,43
M003847,32.5,39
M003848,30.8,35
M003849,33.3,43
M003850,34.2,47
M003851,39.2,62
M003852,32.5,39
M003853,48.3,84
M003854,29.2,28
M003855,3.8,0
M003856,30.0,32
M003857,84.2,99
M003858,40.8,66
M003859,38.3,60
M003860,27.5,24
M003861,25.8,18
M003862,34.2,47
M003863,40.0,64
M003864,27.4,23
M003865,21.7,8
M003866,33.3,43
M003867,59.2,94
M003868,22.5,11
M003869,43.3,73
M003870,40.8,66
M003871,75.0,98
M003872,40.8,66
M003873,45.0,77
M003874,34.2,47
M003875,35.0,49
M003876,37.5,57
M003877,38.3,60
M003878,51.7,88
M003879,35.8,51
M003880,40.0,64
M003881,37.5,57
M003882,48.3,84
M003883,35.8,51
M003884,36.7,54
M003885,26.7,22
M003886,30.0,32
M003887,37.5,57
M003888,30.8,35
M003889,41.7,69
M003890,53.3,90
M003891,25.8,18
M003892,34.2,47
M003893,40.0,64
M003894,40.8,66
M003895,45.8,79
M003896,28.3,25
M003897,40.8,66
M003898,30.0,32
M003899,31.7,37
M003900,25.8,18
M003901,53.3,90
M003902,38.3,60
M003903,51.7,88
M003904,32.5,39
M003905,45.0,77
M003906,25.0,15
M003907,24.9,14
M003908,25.8,18
M003909,32.5,39
M003910,11.4,1
M003911,22.5,11
M003912,48.3,84
M003913,44.2,75
M003914,40.8,66
M003915,51.7,88
M003916,25.8,18
M003917,30.0,32
M003918,10.2,1
M003919,81.7,99
M003920,34.2,47
M003921,18.8,5
M003922,25.8,18
M003923,60.0,94
M003924,34.2,47
M003925,47.5,82
M003926,34.4,48
M003927,22.5,11
M003928,29.2,28
M003929,29.2,28
M003930,30.0,32
M003931,30.0,32
M003932,33.3,43
M003933,36.7,54
M003934,26.7,22
M003935,29.2,28
M003936,43.3,73
M003937,36.7,54
M003938,58.3,93
M003939,37.5,57
M003940,42.5,71
M003941,36.7,54
M003942,25.8,18
M003943,41.7,69
M003944,25.0,15
M003945,48.3,84
M003946,45.0,77
M003947,46.7,80
M003948,43.3,73
M003949,33.3,43
M003950,30.0,32
M003951,47.5,82
M003952,38.3,60
M003953,43.3,73
M003954,32.5,39
M003955,30.0,32
M003956,51.7,88
M003957,18.3,4
M003958,39.2,62
M003959,40.8,66
M003960,40.8,66
M003961,36.6,52
M003962,55.8,91
M003963,62.5,95
M003964,29.2,28
M003965,25.8,18
M003966,47.5,82
M003967,26.7,22
M003968,55.8,91
M003969,55.8,91
M003970,30.0,32
M003971,10.2,1
M003972,21.7,8
M003973,29.2,28
M003974,69.2,97
M003975,38.3,60
M003976,18.3,4
M003977,32.5,39
M003978,37.5,57
M003979,51.7,88
M003980,35.0,49
M003981,29.2,28
M003982,30.0,32
M003983,45.0,77
M003984,30.8,35
M003985,14.2,2
M003986,25.0,15
M003987,35.0,49
M003988,88.3,99
M003989,37.5,57
M003990,45.0,77
M003991,45.8,79
M003992,40.8,66
M003993,47.5,82
M003994,30.0,32
M003995,26.7,22
M003996,35.8,51
M003997,25.8,18
M003998,47.5,82
M003999,25.8,18
M004000,49.2,85
